first_name,last_name,job_title,department,email,address,phone_number,salary,password
Kristen,Mcdaniel,Camera operator,Comptroller,william47@example.net,Johnsonchester,3549230501,62250,BALBj4PI
Sean,Thomas,Orthoptist,"Secretary, company",hmurray@example.com,Carrieshire,001-536-256-4749x808,85990,SzEssrkP
Lauren,Gonzalez,Ceramics designer,Herpetologist,urichards@example.com,Lake Kevin,+1-577-856-1558x5767,52872,To47ZcX0
Victoria,Green,Diplomatic Services operational officer,Camera operator,jamie23@example.com,South Jasonbury,+1-887-934-3691x6877,47514,AnOdomUt
Jacob,Erickson,Video editor,"Psychotherapist, child",warrenandrew@example.org,West Kim,257.684.8397,72077,m237DXcZ
Oscar,Martinez,"Loss adjuster, chartered",Clinical psychologist,colleenramirez@example.com,New Angelabury,918-487-1872x8126,42266,adxmiHb7
Paul,Kent,"Geologist, engineering","Psychologist, forensic",thomas88@example.com,New Charlesstad,380.387.5929,43782,Ju53GoT8
Cynthia,Giles,Academic librarian,Pension scheme manager,phillipstony@example.net,North Timothy,001-325-909-0623x99250,6356,8uk0zCUF
Michael,Ayala,Hydrologist,Agricultural consultant,yharris@example.com,South Michaelberg,(292)698-3863x414,43325,nRjKfZ90
John,Rios,"Scientist, audiological",Insurance broker,patricktyler@example.org,Port Tashatown,(259)658-8868x27823,80143,RHcL7HRp
Brett,Scott,"Geologist, wellsite",Administrator,welchfranklin@example.org,North Zacharyland,8415390654,76715,UAms3VfR
Tracy,Jones,Physiotherapist,Holiday representative,medinataylor@example.com,Johnburgh,(447)659-4758x369,83478,98dkD6yG
Kyle,Gomez,Statistician,Armed forces logistics/support/administrative officer,allenlarry@example.org,Lake Marvin,9547249575,99531,qnkX5kKX
Melanie,Velez,Location manager,Haematologist,dhernandez@example.org,South Joshuashire,001-872-201-6637,22595,wfG6KoeX
Julie,Sanders,"Scientist, audiological",Curator,rebecca23@example.com,Richardhaven,+1-842-585-5950x071,33291,4jUz79fK
Jeremy,Smith,"Conservator, museum/gallery",Agricultural consultant,norma00@example.org,Burtonmouth,(851)343-7366,70782,nYeYIyUm
Holly,Lopez,Video editor,Immunologist,cheryllamb@example.com,East Timothy,245.372.1932,9764,2Zlv614L
Leslie,Ball,Osteopath,Control and instrumentation engineer,delgadojohn@example.net,Port Jack,(838)563-8003,47972,iJEVXR1L
Cory,Perry,Financial controller,Counsellor,noah87@example.org,West Jenniferhaven,652-850-6293x28858,56991,LVMyPvyk
Samuel,Mitchell,Health service manager,Lawyer,hectorfrederick@example.com,Mathewstown,390-365-6374,52031,Gzjch2Bd
Keith,Morgan,Accommodation manager,"Secretary, company",wrodriguez@example.org,West Meganberg,909-320-8977,90746,FslHtKBN
Adam,Fisher,Public house manager,Secretary/administrator,michelebishop@example.org,New Desireetown,+1-450-283-3000x28233,41176,YvQhlXFI
Alyssa,Jackson,"Surveyor, building",Homeopath,jacqueline95@example.com,West Eric,(799)741-3055x3408,57577,K3tdvtLV
Michael,Chavez,Arboriculturist,Occupational hygienist,charlotte37@example.net,North Melissa,673.767.4449x882,34343,1pTEag5t
Patrick,Warren,Civil Service fast streamer,Firefighter,benjamin33@example.net,Haroldburgh,400.699.6109x46643,40236,vVSFpnEo
Adrian,Lawrence,Naval architect,Estate agent,moorekathleen@example.net,Briggsland,(481)515-8253x5223,30378,5LUdYKNZ
Jose,Smith,Banker,Insurance broker,millermichael@example.net,Lake Shelleyberg,+1-250-510-9319,82723,VCuXhUJj
Gregory,Butler,Environmental health practitioner,Consulting civil engineer,jonathanthornton@example.net,Williamsonchester,+1-923-869-2327x8204,3079,9TH2xkpw
Danny,Bright,Museum education officer,Soil scientist,ibrown@example.org,East Hollymouth,5065338129,31466,DZluLBOO
Keith,Nelson,Advertising account executive,Lobbyist,freemandavid@example.org,Abigailchester,3079167524,12349,F1yqSrwH
Jessica,Johnson,Energy engineer,"Engineer, manufacturing systems",patriciawhite@example.org,Elijahport,001-300-359-9352x96934,85711,Es0Mdj4P
Susan,Hall,Legal executive,Cytogeneticist,bellcameron@example.net,Cherylton,509-208-9758x949,44552,EC31imYh
Rachael,Burke,Warehouse manager,Barista,andrewsbrianna@example.net,Christiantown,829-372-3958x06070,94809,VHiVV0sq
Brandon,Harrell,"Presenter, broadcasting","Psychologist, forensic",amykeller@example.com,New Staceybury,(354)948-1477,95981,QduQN4m0
Ryan,Phillips,"Psychotherapist, child",Oceanographer,pamela52@example.org,Diazport,677.864.2930x025,27695,PgWbmaMZ
Ronald,Rojas,Museum education officer,Actor,timothy85@example.net,North Ericburgh,960.882.4284x298,12446,p966XCpy
Shannon,Hardy,Osteopath,Futures trader,parkermichelle@example.net,North Glennfurt,6976861703,30213,vpNuve1N
Michael,Buckley,Museum education officer,Visual merchandiser,ronaldrhodes@example.org,Michaelbury,249-729-9326x242,93541,vjsM648t
Bryan,Little,"Surveyor, planning and development",Audiological scientist,kimbrenda@example.org,Lake Lisaport,(876)210-3373x5433,11448,grr3X4OV
Lee,Kennedy,Land/geomatics surveyor,Retail manager,kjones@example.com,Lake Brianaton,481-884-4276x237,6634,RRVNv3lL
Jessica,Vasquez,"Designer, industrial/product","Programmer, systems",yolandabennett@example.net,Port Rebeccaton,(401)840-5642x7321,38377,WGngL1vJ
Kelly,Graves,"Nurse, children's",Politician's assistant,swalker@example.org,Morganland,821.644.5067x23997,63139,6B6kyTm9
Angela,Gutierrez,Freight forwarder,Teaching laboratory technician,amber28@example.org,Lake Kelli,(665)999-1505x8080,6374,2mSmeHVQ
Kristen,Rodriguez,Chartered legal executive (England and Wales),"Surveyor, commercial/residential",perrykyle@example.com,Johnsonberg,+1-409-279-7775x14580,2728,mPnSgbWm
Kenneth,White,Magazine features editor,Set designer,lbowman@example.net,Villegasbury,916-835-2112,33144,VIkmBsub
Adam,Jones,Comptroller,Dancer,petersonscott@example.net,Jamesmouth,961-419-5985x060,20961,FeV15vil
Jonathan,Strong,Bookseller,Personal assistant,kellymichael@example.net,East Bradleyton,266.997.1853,60423,3A6fdVh0
Natalie,Mendoza,Mechanical engineer,Retail buyer,hector17@example.net,South Cory,358.255.4849x9305,83983,z6u3Vbpw
Alyssa,Garcia,Armed forces technical officer,English as a second language teacher,uhernandez@example.org,Hallton,(442)807-2340x5842,36048,B3mqbDHT
Bradley,Holmes,Minerals surveyor,Paramedic,austinthomas@example.com,West Karenhaven,916.459.6082,89850,MlhU2xJP
Heidi,Thompson,Illustrator,"Copywriter, advertising",ralphwerner@example.org,Carlosburgh,278.213.2924,9637,oQbeZhmC
Laura,Johnson,Consulting civil engineer,"Teacher, music",jonathan39@example.net,Andersontown,(522)459-8815x50200,6869,eErVmb8v
Scott,Monroe,Museum/gallery curator,Advertising account executive,ppaul@example.net,Port Julieberg,001-582-427-1459x05223,57402,czASwLUo
Denise,Carey,Magazine journalist,Science writer,srose@example.org,Briggsport,227-863-7366x362,84643,WCyuM02k
Sabrina,Flores,Medical secretary,Commercial/residential surveyor,bperez@example.net,Timothybury,697-258-1220x4893,59969,iGqnC2Fx
Lindsey,Williams,"Therapist, sports",Retail buyer,robertbenson@example.com,Lake Laurenstad,+1-992-960-0377x680,3041,XQ66MDfb
Robert,Norman,Historic buildings inspector/conservation officer,"Psychologist, occupational",nicholasadams@example.org,East Victoria,213.335.0327,26656,iTKaQPyo
Donna,Perkins,Archaeologist,Media planner,markmitchell@example.com,South Coreyborough,001-572-858-5913x874,85847,wL832xZV
Nicole,Smith,"Solicitor, Scotland",Broadcast presenter,scott00@example.com,New Kenneth,001-222-846-1337,87139,Nlao53Aa
Anthony,Gardner,Animator,Adult nurse,jburton@example.net,South Johnton,(375)563-0603x052,37358,Sr65KY7O
Ryan,Benson,"Production assistant, television",Gaffer,francorhonda@example.com,Port Tammyshire,+1-907-954-0852x953,62497,9T6HGAdv
Rachel,Montes,"Producer, radio",Medical illustrator,garrisonamanda@example.com,Wendyton,981-318-3842,60422,bdQ3Q8bP
James,Burke,"Solicitor, Scotland",Hydrographic surveyor,johnsmall@example.net,North Lori,+1-340-317-7458x9235,67148,yplrGvZz
Regina,Hopkins,Company secretary,Media planner,wwhite@example.com,Jacksonfort,501.938.2946,5976,TLx2vqhT
Angela,Woods,"Administrator, charities/voluntary organisations",Solicitor,qhays@example.com,Amandaview,(721)753-2872,60987,FmTlbH3t
William,Lopez,Tax inspector,Warehouse manager,darrylgray@example.net,Port Rose,696.865.7949,7888,IWv28arA
Deborah,Kennedy,Dramatherapist,Psychiatric nurse,tommy77@example.net,North Jamesstad,001-552-230-1425x98266,43090,s3tub7JE
Bradley,Hoffman,Industrial buyer,"Accountant, chartered certified",orozcokimberly@example.net,South Bryan,(764)691-5969,752,gly4FIJ1
Andrew,Murphy,Podiatrist,Regulatory affairs officer,dwilliams@example.net,East Robertmouth,566.786.0428,58105,N7E1gnw1
Tammy,Davis,"Teacher, English as a foreign language",Media buyer,jeremygarrett@example.org,Kimberlystad,+1-410-995-8303x861,95941,IX2DPNoQ
Susan,Osborne,Audiological scientist,Insurance broker,johnkrueger@example.com,South Davidtown,632.493.9457x235,65448,dqh0LMHE
Jennifer,Chase,TEFL teacher,Theatre director,albert85@example.com,Thompsonport,001-896-392-2021,45063,lYvmGgqb
Elizabeth,Francis,Newspaper journalist,Geographical information systems officer,katelyn92@example.com,Clarktown,5197978084,34678,uK4rHcZJ
Cameron,Davis,Ranger/warden,Speech and language therapist,joseph67@example.com,Lake Vanessa,504.347.4693x641,566,jOZzTEL3
Colin,Evans,"Designer, furniture",Training and development officer,lori16@example.com,West Kristina,001-659-861-0235x766,10798,O9gfIN4K
Nicholas,Smith,Health and safety inspector,Nutritional therapist,stefanie41@example.net,Powellport,240.596.2673x152,91046,qYSfwXum
Alyssa,Reeves,Oceanographer,Prison officer,austincontreras@example.org,North Amanda,483.464.7610x18378,82345,8jv0uHX5
Amanda,Ferrell,Bookseller,"Therapist, drama",donnaboone@example.com,Josephstad,(598)597-4461x6705,40108,hTcEm8wZ
Larry,Boyd,Ergonomist,Retail buyer,ruth43@example.org,Howardchester,968-766-3800,35524,d0zIQrMz
Dawn,Dennis,"Designer, industrial/product",Optometrist,harrisondennis@example.net,Seanview,+1-463-897-4995x4283,86414,H2eKqdtm
Toni,Davis,"Therapist, drama",Recycling officer,angela60@example.com,Brownfurt,001-534-731-4912x6318,35870,8xUVxr2g
Douglas,Weber,"Engineer, petroleum",Firefighter,donnamoore@example.org,Evansfurt,255.917.4669,70564,l2xsB7IN
Nicholas,Clay,"Designer, furniture","Engineer, land",briangeorge@example.org,North Josephville,575.889.8107x4046,27992,VlK3Rqdb
Tracy,Jones,"Surveyor, hydrographic",Orthoptist,pierceanthony@example.org,North Josephmouth,+1-325-461-8344x581,72666,uuDm5f8Z
Robert,Brown,Mining engineer,Technical author,omcdowell@example.org,South Kelly,001-831-878-6059x2670,78714,0jYApSmD
Robert,Munoz,TEFL teacher,"Geneticist, molecular",fchung@example.org,Lake Markburgh,4987900111,67311,IKR1XTiF
Kenneth,Montgomery,"Therapist, drama",Curator,shawvictoria@example.net,Lake Rebecca,413-550-5949,70571,lSEdu9pq
James,Andrews,Pension scheme manager,Food technologist,samantha81@example.com,East Brandon,(732)900-1128x69316,84865,iliu2ULg
Tara,May,Warden/ranger,Astronomer,evan27@example.com,Hernandezchester,+1-679-770-4595x358,38303,rmai3Ur7
Michelle,Reed,"Teacher, early years/pre","Surveyor, commercial/residential",carla34@example.net,Goldenburgh,887-594-0761,65266,TKsaNtPr
Christopher,Barr,"Therapist, drama","Therapist, horticultural",victoria71@example.org,Port Kellyfurt,001-381-267-3898,4947,R1rGinZR
Rebecca,Flores,"Scientist, product/process development",Chief Technology Officer,meltonrachel@example.com,Port Christyland,5896450997,10393,FkTQl5uu
David,Hughes,Press sub,Paediatric nurse,rbaker@example.com,Matthewschester,(471)666-8424,64493,mMl8lxdm
John,Gentry,Waste management officer,Lobbyist,jeffreyjenkins@example.com,New Julieshire,592-790-4504x7695,50357,yVgkDRmI
Antonio,Mathis,"Designer, multimedia",Music therapist,gilmorekimberly@example.net,Kimberlyview,907-755-8966,83120,sVPXheB9
James,Patterson,Secretary/administrator,Multimedia programmer,fpham@example.net,Avilafurt,001-909-954-2222x868,30916,qmaGHxC0
Brent,Murphy,"Engineer, building services","Engineer, chemical",whitemelissa@example.com,Elijahmouth,001-649-770-4134x703,80966,jM87PYex
Michael,Harris,"Administrator, local government",Office manager,beardrussell@example.org,Parkerville,(751)796-4679,8229,qKfJ58xN
Monica,Williams,Astronomer,Site engineer,turnerholly@example.com,New Robert,+1-904-848-1760,83501,RtszNeAN
Anthony,Callahan,Charity fundraiser,Statistician,robertgardner@example.net,South Chase,905.508.6235x210,43192,dmHgcUt2
